PC1,PC2,Filename,Title,Type,Display title,Author,PubPlace,Genre,Date,Period
-0.015820152,-0.026112506,sidney.shepherds.txt,sidney.shepherds,text,"Dialogue Between Two Shepherds In Praise of Astrea, 1602","Sidney, Mary, Countess of Pembroke",London England,verse,1602,1600-1620
-0.011550229,-0.016852123,grymeston.miscellanea.txt,grymeston.miscellanea,text,"Miscellanea, Meditations, Memoratives, 1604","Grymeston, Elizabeth (Bernye)",London England,non-fiction,1604,1600-1620
0.015209532,0.008423605,russell.reconcil.txt,russell.reconcil,text,"Introductory Material to A Way of Reconciliation, 1605","Russell, Elizabeth",London England,non-fiction,1605,1600-1620
-0.022782541,-0.004316537,melvill.godliedream.txt,melvill.godliedream,text,"A Godly Dream, 1606","Melvill, Elizabeth",Edinburgh Scotland,verse,1606,1600-1620
-0.022040543,-0.017950968,lanyer.salvedeus.txt,lanyer.salvedeus,text,"Salve Deus Rex Judaeorum, 1611","Lanyer, Aemilia (Bassano)",London England,verse,1611,1600-1620
-0.03605296,-0.017509693,cary-e.mariam.txt,cary-e.mariam,text,"The Tragedie of Mariam, 1613","Cary, Elizabeth (Tanfield), Viscountess Falkland",London England,drama,1613,1600-1620
-0.005939472,0.00708993,leigh.mother.txt,leigh.mother,text,"The Mother's Blessing, 1616","Leigh, Dorothy (Kemp)",London England,non-fiction,1616,1600-1620
-0.016305305,0.000605048,munda.worming.txt,munda.worming,text,"The Worming of a Mad Dog, 1617","Munda, Constantia",London England,non-fiction,1617,1600-1620
-0.001937398,-0.008616718,sowernam.haman.txt,sowernam.haman,text,"Esther Hath Hang'd Haman, 1617","Sowernam, Ester",London England,non-fiction,1617,1600-1620
-0.005258932,-0.012234425,speght.movzell.txt,speght.movzell,text,"A Muzzle for Melastomus, 1617","Speght, Rachel",London England,non-fiction,1617,1600-1620
0.014485583,0.00160843,unknown.witchcrafts.txt,unknown.witchcrafts,text,"The Wonderful Discoverie of the Witchcrafts of Margaret and Phillip Flower, 1619",[unknown],London England,non-fiction,1619,1600-1620
-0.022112023,-0.007131774,unknown.swetnam.txt,unknown.swetnam,text,"Swetnam, the Woman-Hater, Arraigned by Women, 1620",[unknown],London England,drama,1620,1600-1620
-0.009158497,-0.016858117,speght.mortmemo.txt,speght.mortmemo,text,"Mortalities Memorandum, 1621","Speght, Rachel",London England,verse,1621,1621-1640
-0.017176166,-0.010281747,wroth.urania.txt,wroth.urania,text,"The Countess of Montgomery's Urania, 1621","Wroth, Lady Mary (Sidney)",London England,fiction,1621,1621-1640
-0.015725897,-0.003687206,clinton.nurserie.txt,clinton.nurserie,text,"The Countess of Lincoln's Nursery, 1622","Clinton, Elizabeth",Oxford England,non-fiction,1622,1621-1640
-0.016919507,-0.015633855,jocelin.legacie.txt,jocelin.legacie,text,"The Mother's Legacy to her Unborn Child, 1624","Jocelin, Elizabeth",London England,non-fiction,1624,1621-1640
0.041423192,-0.00612679,davies.warning.txt,davies.warning,text,"A Warning to the Dragon, 1625","Davies, Lady Eleanor",[s.l.],non-fiction,1625,1621-1640
-0.014605884,-0.01631145,primrose.chaine.txt,primrose.chaine,text,"A Chain of Pearl, 1630","Primrose, Diana",London England,verse,1630,1621-1640
-4.21E-05,-0.012497345,rm.mother.txt,rm.mother,text,"The Mother's Counsel or, Live Within Compass, 1630","R., M.",London England,non-fiction,1630,1621-1640
0.002854831,-0.02282917,deacon.delicious.txt,deacon.delicious,text,"Introductory Material to Delicious Entertainments of the Soul, 1632","Deacon, Pudentiana",Douai France,non-fiction,1632,1621-1640
0.015261803,-0.00224387,gray.rule.txt,gray.rule,text,"Introductory Material to The Rule of the Most Blissed Father Saint Benedict, 1632","Gray, Alexia",Ghent Belgium,non-fiction,1632,1621-1640
-0.000841709,-0.008809373,owen.antipurg.txt,owen.antipurg,text,"An Antidote Against Purgatory, 1634","Owen, Jane",Saint-Omer England,non-fiction,1634,1621-1640
-0.002835265,-0.010666972,sutcliffe.meditations.txt,sutcliffe.meditations,text,"Meditations of Man's Mortality, 1634","Sutcliffe, Alice (Woodhouse)",London England,non-fiction,1634,1621-1640
0.004901785,-0.008811405,augustine.virgin.txt,augustine.virgin,text,"Introductory Material to The History of the Angelical Virgin Glorious S. Clare, 1635","Augustine, Sister Magdalen",Douai France,non-fiction,1635,1621-1640
0.009322485,-0.006939352,duverger.admirable.txt,duverger.admirable,text,"Epistle Dedicatory from Admirable Events, 1639","Du Verger, Susanne",London England,non-fiction,1639,1621-1640
0.028276728,-0.023713652,davies.apocalypse.txt,davies.apocalypse,text,"Apocalypse, Chap. 11, 1640","Davies, Lady Eleanor",[s.l.],non-fiction,1640,1621-1640
0.007898487,-0.019609408,man.argenis.txt,man.argenis,text,"An Epitome of the History of Fair Argenis and Polyarchus, 1640","Man, Judith",London England,fiction,1640,1621-1640
-0.00106745,0.005465386,tattle.revenge.txt,tattle.revenge,text,"The Womens Sharp Revenge, 1640","Tattle-well, Mary",London England,non-fiction,1640,1621-1640
0.001820886,0.017860642,chidley.just.txt,chidley.just,text,"The Justification of the Independent Churches of Christ, 1641","Chidley, Katharine",London England,non-fiction,1641,1641-1660
0.026793816,0.013904659,stagg.petition.txt,stagg.petition,text,"A True Copy of the Petition, 1641","Stagg, Anne",London England,non-fiction,1641,1641-1660
-0.015932297,0.012650465,elizabeth.sptoherlast.txt,elizabeth.sptoherlast,text,"Queen Elizabeth's Speech to Her Last Parliament, 1601 (published 1642)",Elizabeth I,London England,non-fiction,1642,1641-1660
0.036662192,-0.0117101,davies.blessing.txt,davies.blessing,text,"From the Lady Eleanor, Her Blessing to Her Beloved Daughter, 1644","Davies, Lady Eleanor",London England,non-fiction,1644,1641-1660
0.05911691,-0.000609488,davies.brides.txt,davies.brides,text,"The Bride's Preparation, 1644","Davies, Lady Eleanor",[s.l.],non-fiction,1644,1641-1660
0.011254709,-0.008484033,davies.wordofgod.txt,davies.wordofgod,text,"The Word of God, 1644","Davies, Lady Eleanor",[s.l.],non-fiction,1644,1641-1660
0.027776066,-0.00056115,chidley.counsell.txt,chidley.counsell,text,"Good Counsel, to the Petitioners for Presbyterian Government, 1645","Chidley, Katharine",[s.l.],non-fiction,1645,1641-1660
0.005367363,0.01199409,chidley.newyeares.txt,chidley.newyeares,text,"A New-Yeares Gift, 1645","Chidley, Katharine",[s.l.],non-fiction,1645,1641-1660
0.037763249,-0.012267059,davies.greatbritain.txt,davies.greatbritain,text,"Great Britain's Visitation, 1645","Davies, Lady Eleanor",[s.l.],non-fiction,1645,1641-1660
0.031029647,-0.020796447,davies.notunknown.txt,davies.notunknown,text,"As Not Unknown, This Petition, 1645","Davies, Lady Eleanor",[s.l.],non-fiction,1645,1641-1660
0.037133428,-0.012663687,davies.whitsun.txt,davies.whitsun,text,"For Whitsun Tide's Last Feast, 1645","Davies, Lady Eleanor",[s.l.],non-fiction,1645,1641-1660
0.012469464,-0.002663302,burch.catechism.txt,burch.catechism,text,"A Catechism of the Several Heads of Christian Religion, 1646","Burch, Dorothy",London England,non-fiction,1646,1641-1660
0.044942045,-0.008661331,davies.feast.txt,davies.feast,text,"For the Blessed Feast of Easter, 1646","Davies, Lady Eleanor",[s.l.],non-fiction,1646,1641-1660
-0.002994744,-0.032428755,davies.gatehouse.txt,davies.gatehouse,text,"The Gatehouse Salutation, 1646","Davies, Lady Eleanor",[s.l.],non-fiction,1646,1641-1660
0.043633734,-0.020527677,davies.modell.txt,davies.modell,text,"The Day of Judgments Model, 1646","Davies, Lady Eleanor",[s.l.],non-fiction,1646,1641-1660
0.00894645,0.019099537,lilburne.knights.txt,lilburne.knights,text,"To the Chosen and Betrusted Knights, 1646","Lilburne, Elizabeth",London England,non-fiction,1646,1641-1660
0.035127724,-0.01262048,davies.ezekprophet.txt,davies.ezekprophet,text,"Ezekiel the Prophet Explained, 1647","Davies, Lady Eleanor",[s.l.],non-fiction,1647,1641-1660
0.034365249,-0.026356182,davies.reader.txt,davies.reader,text,"Reader, the Heavy Hour at Hand, 1648","Davies, Lady Eleanor",[s.l.],non-fiction,1648,1641-1660
0.003566346,0.017376037,poole.vision.txt,poole.vision,text,"A Vision, 1648","Poole, Elizabeth",London England,non-fiction,1648,1641-1660
0.029136414,0.021156638,cartwright.jewes.txt,cartwright.jewes,text,"The Petition of the Jews, 1649","Cartwright, Joanna",London England,non-fiction,1649,1641-1660
0.014615525,-0.024404394,davies.appearance.txt,davies.appearance,text,"The Appearance or Presence of the Son of Man, 1650","Davies, Lady Eleanor",[s.l.],non-fiction,1649,1641-1660
0.009082498,0.011725735,davies.blasphemous.txt,davies.blasphemous,text,"The Blasphemous Charge Against Her, 1649","Davies, Lady Eleanor",[s.l.],non-fiction,1649,1641-1660
0.040316063,-0.017453841,davies.cryingcharge.txt,davies.cryingcharge,text,"The Crying Charge, 1649","Davies, Lady Eleanor",[s.l.],non-fiction,1649,1641-1660
0.028072368,-0.014239309,davies.gerbier.txt,davies.gerbier,text,"For the Right Noble Sir Balthazar Gerbier, 1649","Davies, Lady Eleanor",[s.l.],non-fiction,1649,1641-1660
0.024217967,-0.026352969,davies.gospel.txt,davies.gospel,text,"The Everlasting Gospel, 1649","Davies, Lady Eleanor",[s.l.],non-fiction,1649,1641-1660
0.020491468,-0.024149911,davies.honorable.txt,davies.honorable,text,"For the Most Honorable States, 1649","Davies, Lady Eleanor",[s.l.],non-fiction,1649,1641-1660
-0.012382365,-0.017610175,bradstreet.tenthmuse.txt,bradstreet.tenthmuse,text,"The Tenth Muse, 1650","Bradstreet, Anne (Dudley)",London England,verse,1650,1641-1660
0.026743629,-0.023571004,davies.arraignment.txt,davies.arraignment,text,"The Arraignment, 1650","Davies, Lady Eleanor",[s.l.],non-fiction,1650,1641-1660
0.009623218,-0.03747033,davies.elijah.txt,davies.elijah,text,"Elijah the Tishbite's Supplication, 1650","Davies, Lady Eleanor",[s.l.],non-fiction,1650,1641-1660
0.006936646,-0.017583386,davies.benediction.txt,davies.benediction,text,"The Benediction, 1651","Davies, Lady Eleanor",[s.l.],non-fiction,1651,1641-1660
0.002235135,-0.021236309,davies.hells.txt,davies.hells,text,"Hell's Destruction, 1651","Davies, Lady Eleanor",[s.l.],non-fiction,1651,1641-1660
-0.00162999,0.009906806,love.name1651.txt,love.name1651,text,"Love's Name Lives, 1651","Love, Mary (Stone)",London England,non-fiction,1651,1641-1660
-0.014402642,-0.01328963,weamys.arcadia.txt,weamys.arcadia,text,"A Continuation of Sir Philip Sydney's Arcadia, 1651","Weamys, Anna",London England,fiction,1651,1641-1660
0.001499868,-0.031721025,davies.bethlehem.txt,davies.bethlehem,text,"Bethlehem Signifying the House of Bread, 1652","Davies, Lady Eleanor",[s.l.],non-fiction,1652,1641-1660
0.019176581,-0.030446529,davies.tobits.txt,davies.tobits,text,"Tobits Book: A Lesson, 1652","Davies, Lady Eleanor",[s.l.],non-fiction,1652,1641-1660
-0.026164704,-0.005476615,unknown.elizas.txt,unknown.elizas,text,"Eliza's Babes, 1652",[unknown],London England,verse,1652,1641-1660
-0.005701659,-0.005318041,cavendish.fancies.txt,cavendish.fancies,text,"Poems and Fancies, 1653","Cavendish, Margaret (Lucas), Duchess of Newcastle",London England,verse,1653,1641-1660
0.017348516,-0.00286881,cavendish.philo-fancies.txt,cavendish.philo-fancies,text,Philosophicall Fancies,"Cavendish, Margaret (Lucas), Duchess of Newcastle",London England,non-fiction,1653,1641-1660
-0.008273931,-0.017234638,collins.divine.txt,collins.divine,text,"Divine Songs and Meditations, 1653","Collins, An",London England,verse,1653,1641-1660
0.017995977,0.020404978,grey.secretphysick.txt,grey.secretphysick,text,"A Choice Manual, or Rare and Select Secrets, 1653","Grey, Elizabeth, Countess of Kent",London England,non-fiction,1653,1641-1660
-0.003764044,0.037955768,grey.truegentlewomans.txt,grey.truegentlewomans,text,"A True Gentlewoman's Delight, 1653","Grey, Elizabeth, Countess of Kent",London England,non-fiction,1653,1641-1660
0.012899687,0.01809136,elizabeth.tilburycabala.txt,elizabeth.tilburycabala,text,"The Tilbury speech (version in Cabala), 1588",Elizabeth I,London England,non-fiction,1654,1641-1660
-0.003242508,0.00648601,trapnel.stone.txt,trapnel.stone,text,"The Cry of a Stone, 1654","Trapnel, Anna",London England,non-fiction,1654,1641-1660
0.008561052,0.010556739,trapnel.strange.txt,trapnel.strange,text,"Strange and Wonderful News, 1654","Trapnel, Anna",London England,non-fiction,1654,1641-1660
0.016721702,0.00374843,cavendish.olio.txt,cavendish.olio,text,"The World's Olio, 1655","Cavendish, Margaret (Lucas), Duchess of Newcastle",London England,non-fiction,1655,1641-1660
0.029217793,-0.001160635,cavendish.opinions.txt,cavendish.opinions,text,"Philosophical and Physical Opinions, 1655","Cavendish, Margaret (Lucas), Duchess of Newcastle",London England,non-fiction,1655,1641-1660
0.012405291,0.006655213,simmons.jerusalem.txt,simmons.jerusalem,text,"When the Lord Jesus Came to Jerusalem, 1655","Simmons, Martha (Calvert)",[s.l.],non-fiction,1655,1641-1660
0.007806962,0.034284646,simmons.lostsheep.txt,simmons.lostsheep,text,"A Lamentation for the Lost Sheep of the House of Israel, 1655","Simmons, Martha (Calvert)",London England,non-fiction,1655,1641-1660
-0.001236963,-0.001832717,cavendish.natpix.txt,cavendish.natpix,text,"Natures Pictures, 1656","Cavendish, Margaret (Lucas), Duchess of Newcastle",London England,fiction,1656,1641-1660
0.050026866,0.03340603,fell.loving.txt,fell.loving,text,"A Loving Salutation to the Seed of Abraham, 1656","Fell, Margaret (Askew)",London England,non-fiction,1656,1641-1660
0.002119881,0.002885825,wight.letter.txt,wight.letter,text,"A Wonderful Pleasant and Profitable Letter, 1656","Wight, Sarah",London England,non-fiction,1656,1641-1660
0.005720469,0.048229478,barwick.rulers.txt,barwick.rulers,text,"To All the Present Rulers, 1659","Barwick, Grace",London England,non-fiction,1659,1641-1660
0.029065051,-0.001825666,jinner.almanack.txt,jinner.almanack,text,"The Woman's Almanac, 1659","Jinner, Sarah",London England,non-fiction,1659,1641-1660
0.015168709,-0.003675607,jinner.almanack1659.txt,jinner.almanack1659,text,"An Almanack and Prognostication for the Year of our Lord 1659, 1659","Jinner, Sarah",London England,non-fiction,1659,1641-1660
0.000177625,-0.010281732,parr-s.apologie.txt,parr-s.apologie,text,"Susanna's Apology Against the Elders, 1659","Parr, Susanna",Oxford England,non-fiction,1659,1641-1660
0.021483779,0.030213375,fell.declaration.txt,fell.declaration,text,"A Declaration and an Information from us the People of God Called Quakers, 1660","Fell, Margaret (Askew)",London England,non-fiction,1660,1641-1660
0.040458961,0.022363595,fell.demonstration.txt,fell.demonstration,text,"An Evident Demonstration to Gods Elect, 1660","Fell, Margaret (Askew)",London England,non-fiction,1660,1641-1660
0.022456467,0.046652914,fell.thismajor.txt,fell.thismajor,text,"This Was Given to Major General Harrison and the Rest, 1660","Fell, Margaret (Askew)",London England,non-fiction,1660,1641-1660
0.026351687,0.029494146,biddle.trumpet.txt,biddle.trumpet,text,"The Trumpet of the Lord Sounded Forth Unto These Three Nations, 1662","Biddle, Hester",London England,non-fiction,1662,1661-1680
-0.028243258,0.011557081,cavendish.62b-loves.txt,cavendish.62b-loves,text,"Loves Adventures, 1662","Cavendish, Margaret (Lucas), Duchess of Newcastle",London England,drama,1662,1661-1680
-0.027952276,0.015013177,cavendish.62c-several.txt,cavendish.62c-several,text,"The Several Wits, 1662","Cavendish, Margaret (Lucas), Duchess of Newcastle",London England,drama,1662,1661-1680
-0.007020268,0.006296654,cavendish.62d-youths.txt,cavendish.62d-youths,text,"Youths Glory, and Deaths Banquet, 1662","Cavendish, Margaret (Lucas), Duchess of Newcastle",London England,drama,1662,1661-1680
-0.015998185,0.011322055,cavendish.62e-lady.txt,cavendish.62e-lady,text,"The Lady Contemplation, 1662","Cavendish, Margaret (Lucas), Duchess of Newcastle",London England,drama,1662,1661-1680
-0.022564653,0.010318764,cavendish.62f-wits.txt,cavendish.62f-wits,text,"Wits Cabal, 1662","Cavendish, Margaret (Lucas), Duchess of Newcastle",London England,drama,1662,1661-1680
-0.031377882,0.013353828,cavendish.62g-unnatural.txt,cavendish.62g-unnatural,text,"The Unnatural Tragedy, 1662","Cavendish, Margaret (Lucas), Duchess of Newcastle",London England,drama,1662,1661-1680
-0.023465183,0.012826323,cavendish.62h-public.txt,cavendish.62h-public,text,"The Public Wooing, 1662","Cavendish, Margaret (Lucas), Duchess of Newcastle",London England,drama,1662,1661-1680
-0.027426984,0.013623042,cavendish.62i-matrimonial.txt,cavendish.62i-matrimonial,text,"The Matrimonial Trouble, 1662","Cavendish, Margaret (Lucas), Duchess of Newcastle",London England,drama,1662,1661-1680
-0.016700471,0.011249153,cavendish.62j-natures.txt,cavendish.62j-natures,text,"Nature's Three Daughters, Beauty, Love and Wit, 1662","Cavendish, Margaret (Lucas), Duchess of Newcastle",London England,drama,1662,1661-1680
-0.020254673,0.011636939,cavendish.62k-religious.txt,cavendish.62k-religious,text,"The Religious, 1662","Cavendish, Margaret (Lucas), Duchess of Newcastle",London England,drama,1662,1661-1680
-0.001310242,0.005362915,cavendish.62l-hash.txt,cavendish.62l-hash,text,"The Comical Hash, 1662","Cavendish, Margaret (Lucas), Duchess of Newcastle",London England,drama,1662,1661-1680
-0.010333323,0.008772361,cavendish.62m-bell.txt,cavendish.62m-bell,text,"Bell in Campo, 1662","Cavendish, Margaret (Lucas), Duchess of Newcastle",London England,drama,1662,1661-1680
-0.015431107,0.005044951,cavendish.62n-apocriphal.txt,cavendish.62n-apocriphal,text,"A Comedy of the Apocryphal Ladies, 1662","Cavendish, Margaret (Lucas), Duchess of Newcastle",London England,drama,1662,1661-1680
0.011104526,0.007622316,cavendish.62o-female.txt,cavendish.62o-female,text,"The Female Academy, 1662","Cavendish, Margaret (Lucas), Duchess of Newcastle",London England,drama,1662,1661-1680
-0.012171928,0.019532595,cavendish.orations.txt,cavendish.orations,text,"Orations of Divers Sorts, 1662","Cavendish, Margaret (Lucas), Duchess of Newcastle",London England,non-fiction,1662,1661-1680
0.027826264,0.017417993,evans.shortrelation.txt,evans.shortrelation,text,"This is a Short Relation, 1662","Evans, Katharine",London England,non-fiction,1662,1661-1680
0.002955867,0.008819836,carleton.case.txt,carleton.case,text,"The Case of Madam Mary Carleton, 1663","Carleton, Mary",London England,non-fiction,1663,1661-1680
-0.00187712,0.009921139,love.name1663.txt,love.name1663,text,"Love's Name Lives, 1663","Love, Mary (Stone)",London England,non-fiction,1663,1661-1680
-0.028338143,-0.001547808,philips-k.pompey.txt,philips-k.pompey,text,"Pompey, 1663","Philips, Katherine (Fowler)",Dublin Ireland,drama,1663,1661-1680
-0.011280196,0.01101287,cavendish.letters.txt,cavendish.letters,text,"CCXI Sociable Letters, 1664","Cavendish, Margaret (Lucas), Duchess of Newcastle",London England,non-fiction,1664,1661-1680
0.00904846,0.007151679,cavendish.philosophical.txt,cavendish.philosophical,text,"Philosophical Letters, 1664","Cavendish, Margaret (Lucas), Duchess of Newcastle",London England,non-fiction,1664,1661-1680
-0.020720113,-0.002323232,philips-k.poems1664.txt,philips-k.poems1664,text,"Poems, 1664","Philips, Katherine (Fowler)",London England,verse,1664,1661-1680
-0.007276801,0.031705626,wolley.cook.txt,wolley.cook,text,"The Cook's Guide: or, Rare Receipts for Cookery, 1664","Woolley, Hannah",London England,non-fiction,1664,1661-1680
0.006044562,0.003038827,cavendish.observations.txt,cavendish.observations,text,"Observations upon Experimental Philosophy, 1666","Cavendish, Margaret (Lucas), Duchess of Newcastle",London England,non-fiction,1666,1661-1680
0.008994027,-0.003170609,cavendish.william.txt,cavendish.william,text,"The Life of William Cavendish, 1667","Cavendish, Margaret (Lucas), Duchess of Newcastle",London England,non-fiction,1667,1661-1680
0.040639623,0.022616224,fell.womjustified.txt,fell.womjustified,text,"Women's Speaking Justified, 1667","Fell, Margaret (Askew)",London England,non-fiction,1667,1661-1680
-0.02400277,-0.00344245,philips-k.poems1667.txt,philips-k.poems1667,text,"Poems by the Most Deservedly Admired Mrs. Katherine Philips, the Matchless Orinda, to which is added Monsieur Corneille's Pompey and Horace, Tragedies, 1667","Philips, Katherine (Fowler)",London England,verse,1667,1661-1680
-0.025458015,0.009176234,cavendish.68b-sociable.txt,cavendish.68b-sociable,text,"The Sociable Companions, or the Female Wits, 1668","Cavendish, Margaret (Lucas), Duchess of Newcastle",London England,drama,1668,1661-1680
-0.022371375,0.012151826,cavendish.68c-presence.txt,cavendish.68c-presence,text,"The Presence, 1668","Cavendish, Margaret (Lucas), Duchess of Newcastle",London England,drama,1668,1661-1680
-0.024714084,0.015568346,cavendish.68d-bridals.txt,cavendish.68d-bridals,text,"The Bridals, 1668","Cavendish, Margaret (Lucas), Duchess of Newcastle",London England,drama,1668,1661-1680
-0.011638807,0.01177919,cavendish.68e-convent.txt,cavendish.68e-convent,text,"The Convent of Pleasure, 1668","Cavendish, Margaret (Lucas), Duchess of Newcastle",London England,drama,1668,1661-1680
-0.021069252,0.014135469,cavendish.68f-piece.txt,cavendish.68f-piece,text,"A Piece of a Play, 1668","Cavendish, Margaret (Lucas), Duchess of Newcastle",London England,drama,1668,1661-1680
0.01408631,-0.000500442,cavendish.blazing.txt,cavendish.blazing,text,"The Description of a New World, Called the Blazing-World, 1668","Cavendish, Margaret (Lucas), Duchess of Newcastle",London England,fiction,1668,1661-1680
0.023930582,-0.001181475,cavendish.grounds.txt,cavendish.grounds,text,"Grounds of Natural Philosophy, 1668","Cavendish, Margaret (Lucas), Duchess of Newcastle",London England,non-fiction,1668,1661-1680
-0.035117566,0.021921127,wolley.ladies.txt,wolley.ladies,text,"A Guide to Ladies, Gentlewomen, and Maids, 1668","Woolley, Hannah",London England,non-fiction,1668,1661-1680
-0.028856576,-0.008035,philips.denham-horace.txt,philips.denham-horace,text,"Conclusion to Katherine Philips' Horace, 1669","Denham, John",London England,drama,1669,1661-1680
-0.036286559,-0.000315101,boothby.marcelia.txt,boothby.marcelia,text,"Marcelia: or the Treacherous Friend, 1670","Boothby, Frances",London England,drama,1670,1661-1680
0.035869755,0.003796809,sharp.midwives.txt,sharp.midwives,text,"The Midwives Book, 1671","Sharp, Jane",London England,non-fiction,1671,1661-1680
-0.001383409,-0.009768046,makin.essays.txt,makin.essays,text,"An Essay to Revive the Ancient Education of Gentlewomen, 1673","Makin, Bathsua (Reynolds)",London England,non-fiction,1673,1661-1680
-0.026329588,-0.002956731,behn.abdelazer.txt,behn.abdelazer,text,"Abdelazer, or, The Moor's Revenge, 1677","Behn, Aphra",London England,drama,1677,1661-1680
0.0078375,-0.000927389,whitrow.work.txt,whitrow.work,text,"The Work of God in a Dying Maid, 1677","Whitrow, Joan",[s.l.],non-fiction,1677,1661-1680
-0.031035577,-0.002882515,behn.patient.txt,behn.patient,text,"Sir Patient Fancy, 1678","Behn, Aphra",London England,drama,1678,1661-1680
-0.013741053,-0.0187915,bradstreet.several.txt,bradstreet.several,text,"Several Poems, 1678","Bradstreet, Anne (Dudley)",Boston Massachusetts USA,verse,1678,1661-1680
-0.018711662,0.027444924,elizabeth.lastspeech.txt,elizabeth.lastspeech,text,"The Last Speech and Thanks of Queen Elizabeth, 1601",Elizabeth I,London England,non-fiction,1679,1661-1680
-0.038073754,-0.005819164,philips-j.female.txt,philips-j.female,text,"Female Poems on Several Occasions, 1679","Philips, Joan",London England,verse,1679,1661-1680
0.020700884,-0.004237377,cary-e.edoct.txt,cary-e.edoct,text,"The History of the Most Unfortunate Prince King Edward II, 1680","Cary, Elizabeth (Tanfield), Viscountess Falkland",London England,non-fiction,1680,1661-1680
0.007605167,-0.013354865,cary-e.history.txt,cary-e.history,text,"The History of the Life, Reign, and Death of Edward II, 1680","Cary, Elizabeth (Tanfield), Viscountess Falkland",London England,non-fiction,1680,1661-1680
0.002482658,0.00663806,cellier.maldef.txt,cellier.maldef,text,"Malice Defeated, 1680","Cellier, Elizabeth (Dormer)",London England,non-fiction,1680,1661-1680
0.00641577,0.004913479,rowlandson.sovereignty.txt,rowlandson.sovereignty,text,"The Sovereignty and Goodness of God, 1682","Rowlandson, Mary (White)",Cambridge Massachusetts USA,non-fiction,1682,1681-1700
-0.001882683,-0.005605093,behn.poems-love.txt,behn.poems-love,text,"Poems Upon Several Occasions, with a Voyage to the Island of Love, 1684","Behn, Aphra",London England,verse,1684,1681-1700
0.030319909,-0.008341994,behn.happycoronation.txt,behn.happycoronation,text,"A Pindaric Poem, 1685","Behn, Aphra",London England,verse,1685,1681-1700
-0.004510684,-0.009135505,behn.miscellany.txt,behn.miscellany,text,"Miscellany, Being a Collection of Poems by Several Hands. Together with Reflections on Morality, or Seneca Unmasked, 1685","Behn, Aphra",London England,verse,1685,1681-1700
-0.016725978,0.014321815,behn.loverwatch.txt,behn.loverwatch,text,"La Montre: or The Lover’s Watch, 1686","Behn, Aphra",London England,fiction,1686,1681-1700
-0.026727805,-0.002315516,egerton.female.txt,egerton.female,text,"The Female Advocate, 1686","Egerton, Sarah (Fyge)",London England,verse,1686,1681-1700
-0.006584014,-0.017772499,killigrew.poems.txt,killigrew.poems,text,"Poems by Mrs. Anne Killigrew, 1686","Killigrew, Anne",London England,verse,1686,1681-1700
-0.01479593,-0.009701369,barker.recreations.txt,barker.recreations,text,"Poetical Recreations, 1688","Barker, Jane",London England,verse,1688,1681-1700
0.03860355,-0.003753083,behn.discovery.txt,behn.discovery,text,"Translator's Preface to A Discovery of New Worlds, 1688","Behn, Aphra",London England,non-fiction,1688,1681-1700
-0.007836384,-0.001877821,behn.emperor.txt,behn.emperor,text,"The Emperor of the Moon, 1688","Behn, Aphra",London England,drama,1688,1681-1700
0.012812185,0.00286072,cellier.todoctor.txt,cellier.todoctor,text,"To Dr.---- An Answer to his Queries, Concerning the College of Midwives, 1688","Cellier, Elizabeth (Dormer)",London England,non-fiction,1688,1681-1700
0.004963482,0.00089759,elizabeth.marrcamden.txt,elizabeth.marrcamden,text,"The Marriage Speech (extemporaneous version), 1559",Elizabeth I,London England,non-fiction,1688,1681-1700
-0.021898303,0.018177363,elizabeth.twospeeches.txt,elizabeth.twospeeches,text,"A Speech Made by Queen Elizabeth, 1593 (published 1688)",Elizabeth I,London England,non-fiction,1688,1681-1700
8.89E-05,-0.018749123,holden.almanack1688.txt,holden.almanack1688,text,"The Womens Almanack for the Year of our Lord 1688, 1688","Holden, Mary",London England,non-fiction,1688,1681-1700
0.023348434,0.035948952,waite.yearlymeet.txt,waite.yearlymeet,text,"Epistle from the Womens Yearly Meeting at York, and an Epistle from Mary Waite, 1688","Waite, Mary",York England,non-fiction,1688,1681-1700
-0.006022418,0.002647498,behn.nun.txt,behn.nun,text,"History of the Nun, 1689","Behn, Aphra",London England,fiction,1689,1681-1700
0.002025048,0.002006948,behn.pindaric.txt,behn.pindaric,text,"A Pindaric Poem to the Reverend Doctor Burnet, 1689","Behn, Aphra",London England,verse,1689,1681-1700
0.028420246,0.016367993,whitrow.humbleaddress.txt,whitrow.humbleaddress,text,"The Humble Address of the Widow Whitrowe to King William, 1689","Whitrow, Joan",London England,non-fiction,1689,1681-1700
-0.020034295,-0.001063429,behn.widow.txt,behn.widow,text,"The Widow Ranter, 1690","Behn, Aphra",London England,drama,1690,1681-1700
0.0114886,0.003377822,evelyn.muliebris.txt,evelyn.muliebris,text,"Mundus Muliebris: or, the Ladies Dressing-Room, 1690","Evelyn, Mary",London England,verse,1690,1681-1700
0.038181376,0.014478829,whitrow.humblesalutation.txt,whitrow.humblesalutation,text,"The Humble Salutation and Faithful Greeting of the Widow Whitrowe to King William, 1690","Whitrow, Joan",London England,non-fiction,1690,1681-1700
-0.017339496,-0.009165954,danvers.academia.txt,danvers.academia,text,"Academia: or, the Humours of the University of Oxford, 1691","D'Anvers, Alicia (Clarke)",London England,verse,1691,1681-1700
0.010335539,-0.007759955,evelyn.foppensis.txt,evelyn.foppensis,text,"Mundus Foppensis: or the Fop Displayed, 1691","Evelyn, Mary",London England,verse,1691,1681-1700
0.008312714,0.002986858,conway.philosophy.txt,conway.philosophy,text,"The Principles of the Most Ancient and Modern Philosophy, 1692","Conway, Anne (Finch), Viscountess Conway",London England,non-fiction,1692,1681-1700
0.027350028,0.018486351,whitrow.toking.txt,whitrow.toking,text,"To King William and Queen Mary, 1692","Whitrow, Joan",London England,non-fiction,1692,1681-1700
-0.014199573,-0.010906222,danvers.oxford.txt,danvers.oxford,text,"The Oxford-Act: A Poem, 1693","D'Anvers, Alicia (Clarke)",London England,verse,1693,1681-1700
-0.018464023,0.014826856,elizabeth.goldendewes2.txt,elizabeth.goldendewes2,text,"The Golden Speech, 1601",Elizabeth I,London England,non-fiction,1693,1681-1700
0.018481819,-0.001109829,elizabeth.marrdewes.txt,elizabeth.marrdewes,text,"The Marriage Speech (parliamentary version), 1559",Elizabeth I,London England,non-fiction,1693,1681-1700
-0.033091981,0.003606949,various.loveletters1.txt,various.loveletters1,text,"Letters of Love and Gallantry (vol. 1), 1693",[various],London England,fiction,1693,1681-1700
-0.000609574,0.00677999,astell.proposal.txt,astell.proposal,text,"A Serious Proposal to the Ladies, 1694","Astell, Mary",London England,non-fiction,1694,1681-1700
-0.030341345,0.00900175,various.loveletters2.txt,various.loveletters2,text,"Letters of Love and Gallantry (vol. 2), 1694",[various],London England,fiction,1694,1681-1700
0.018916152,0.018307531,whitrow.humblethanksgiving.txt,whitrow.humblethanksgiving,text,"The Widow Whitrow's Humble Thanksgiving, 1694","Whitrow, Joan",London England,non-fiction,1694,1681-1700
-0.04318052,0.002493782,ariadne.venture.txt,ariadne.venture,text,"She Ventures, and He Wins, 1696",Ariadne,London England,drama,1696,1681-1700
-0.022194851,-0.000927415,manley.letters.txt,manley.letters,text,"Letters Written by Mrs. Manley, 1696","Manley, Delarivier",London England,non-fiction,1696,1681-1700
0.002880758,-0.007737664,masham.discourse.txt,masham.discourse,text,"A Discourse Concerning the Love of God, 1696","Masham, Lady Damaris (Cudworth)",London England,non-fiction,1696,1681-1700
-0.038080826,0.026636842,philips.1697letters.txt,philips.1697letters,text,"Letters by the Late Celebrated Mrs. Katherine Philips, 1697","Philips, Katherine (Fowler)",London England,non-fiction,1697,1681-1700
-0.032174107,-0.003471374,pix.innocent.txt,pix.innocent,text,"The Innocent Mistress, 1697","Pix, Mary (Griffith)",London England,drama,1697,1681-1700
-0.027504903,-0.005257452,pix.deceiver.txt,pix.deceiver,text,"The Deceiver Deceived, 1698","Pix, Mary (Griffith)",London England,drama,1698,1681-1700
-0.020903467,-0.011564217,pix.falsefriend.txt,pix.falsefriend,text,"The False Friend, 1699","Pix, Mary (Griffith)",London England,drama,1699,1681-1700
0.048571908,0.005166182,marsin.goodnews.txt,marsin.goodnews,text,"Good News to the Good Women, 1700","Marsin, M.",London England,non-fiction,1700,1681-1700
-0.025983289,-0.006271083,pix.beau.txt,pix.beau,text,"The Beau Defeated, 1700","Pix, Mary (Griffith)",London England,drama,1700,1681-1700
-0.010683431,0.013706811,chudleigh.defence.txt,chudleigh.defence,text,"The Ladies Defence, 1701","Chudleigh, Lady Mary (Lee)",London England,verse,1701,1701-1720
-0.021236281,-0.00200891,wiseman.antiochus.txt,wiseman.antiochus,text,"Antiochus the Great: or, the Fatal Relapse, 1702","Wiseman, Jane",London England,drama,1702,1701-1720
-0.005617204,-0.002382558,chudleigh.poems3ch.txt,chudleigh.poems3ch,text,"Poems on Several Occasions. Together with the Song of the Three Children Paraphrased, 1703","Chudleigh, Lady Mary (Lee)",London England,verse,1703,1701-1720
-0.012254083,-0.016807489,egerton.poems.txt,egerton.poems,text,"Poems on Several Occasions, Together with a Pastoral, 1703","Egerton, Sarah (Fyge)",London England,verse,1703,1701-1720
-0.02237537,-0.008076646,unknown.femalewits.txt,unknown.femalewits,text,"The Female Wits, 1704",[unknown],London England,drama,1704,1701-1720
-0.021110231,0.018275804,philips.1705letters.txt,philips.1705letters,text,"Letters by the Late Celebrated Mrs. Katherine Philips, 1705","Philips, Katherine (Fowler)",London England,non-fiction,1705,1701-1720
-0.002317671,-0.002819999,astell.marriage.txt,astell.marriage,text,"Reflections Upon Marriage, 1706","Astell, Mary",London England,non-fiction,1706,1701-1720
-0.033555527,-0.006459826,centlivre.platlady.txt,centlivre.platlady,text,"The Platonic Lady, 1707","Centlivre, Susanna (Freeman)",London England,drama,1707,1701-1720
-0.03555047,-0.003400261,centlivre.bewitched.txt,centlivre.bewitched,text,"The Man's Bewitched, 1709","Centlivre, Susanna (Freeman)",London England,drama,1709,1701-1720
0.002462381,-0.007191589,chudleigh.essays.txt,chudleigh.essays,text,"Essays Upon Several Subjects in Prose and Verse, 1710","Chudleigh, Lady Mary (Lee)",London England,non-fiction,1710,1701-1720
-0.009067514,-0.008208066,barker.love.txt,barker.love,text,"Love Intrigues: or, The History of the Amours of Bosvil and Galesia, 1713","Barker, Jane",London England,fiction,1713,1701-1720
0.004229761,-0.014659631,finch-a.poems.txt,finch-a.poems,text,"Miscellany Poems, on Several Occasions, 1713","Finch, Anne (Kingsmill), Countess of Winchilsea",London England,verse,1713,1701-1720
-0.015819268,-0.001801556,finch-a.shepherd.txt,finch-a.shepherd,text,"Aristomenes: or, the Royal Shepherd, 1713","Finch, Anne (Kingsmill), Countess of Winchilsea",London England,drama,1713,1701-1720
-0.034413093,-0.00555017,centlivre.wonderwoman.txt,centlivre.wonderwoman,text,"The Wonder: A Woman Keeps a Secret, 1714","Centlivre, Susanna (Freeman)",London England,drama,1714,1701-1720
-0.005296999,-0.01008254,butler.irish.txt,butler.irish,text,"Irish Tales, 1716","Butler, Sarah",London England,fiction,1716,1701-1720
-0.010920373,-0.013596365,haywood.love01.txt,haywood.love01,text,"Love in Excess (vol. 1), 1719","Haywood, Eliza (Fowler)",London England,fiction,1719,1701-1720
-0.010248661,-0.012061145,haywood.love02.txt,haywood.love02,text,"Love in Excess (vol. 2), 1719","Haywood, Eliza (Fowler)",London England,fiction,1719,1701-1720
-0.010217747,-0.010892438,haywood.love03.txt,haywood.love03,text,"Love in Excess (vol. 3), 1720","Haywood, Eliza (Fowler)",London England,fiction,1720,1701-1720
-0.015478788,-0.012534495,elizabeth.hermaiesties.txt,elizabeth.hermaiesties,text,"Her Majesty's Most Princely Answer (The Golden Speech), 1601",Elizabeth I,London England,non-fiction,1601-11-30,1600-1620
0.026807599,0.011172841,elizabeth.amost.txt,elizabeth.amost,text,"A Most Excellent and Remarkable Speech, 1575 (published 1643)",Elizabeth I,London England,non-fiction,1643-01-28,1641-1660